"id","TITLE","GROUP"
"3061","Abdominal Pain","Digestive System"
"3061","Abdominal Pain","Symptoms"
"122","Abortion","Pregnancy and Reproduction"
"122","Abortion","Female Reproductive System"
"3063","Abscess","Infections"
"124","Acne","Skin, Hair and Nails"
"1624","Acoustic Neuroma","Brain and Nerves"
"1624","Acoustic Neuroma","Ear, Nose and Throat"
"5755","Acute Bronchitis","Infections"
"5755","Acute Bronchitis","Lungs and Breathing"
"1437","Acute Lymphocytic Leukemia","Cancers"
"1437","Acute Lymphocytic Leukemia","Blood, Heart and Circulation"
"1437","Acute Lymphocytic Leukemia","Immune System"
"5622","Acute Myeloid Leukemia","Cancers"
"5622","Acute Myeloid Leukemia","Blood, Heart and Circulation"
"1233","Addison Disease","Immune System"
"1233","Addison Disease","Endocrine System"
"1515","Adenoids","Children and Teenagers"
"1515","Adenoids","Ear, Nose and Throat"
"3920","Adhesions","Digestive System"
"3920","Adhesions","Injuries and Wounds"
"5211","Adrenal Gland Cancer","Cancers"
"5211","Adrenal Gland Cancer","Endocrine System"
"128","Adrenal Gland Disorders","Endocrine System"
"1558","Alcohol","Substance Abuse Problems"
"1558","Alcohol","Food and Nutrition"
"120","Alcoholism and Alcohol Abuse","Substance Abuse Problems"
"24","Allergy","Ear, Nose and Throat"
"24","Allergy","Immune System"
"1692","Alpha-1 Antitrypsin Deficiency","Lungs and Breathing"
"1692","Alpha-1 Antitrypsin Deficiency","Genetics/Birth Defects"
"22","Alzheimer's Disease","Mental Health and Behavior"
"22","Alzheimer's Disease","Seniors"
"22","Alzheimer's Disease","Brain and Nerves"
"6189","Amblyopia","Eyes and Vision"
"6385","Amino Acid Metabolism Disorders","Metabolic Problems"
"5273","Amyloidosis","Metabolic Problems"
"135","Amyotrophic Lateral Sclerosis","Brain and Nerves"
"136","Anabolic Steroids","Substance Abuse Problems"
"3791","Anal Cancer","Cancers"
"3791","Anal Cancer","Digestive System"
"137","Anal Disorders","Digestive System"
"139","Anemia","Blood, Heart and Circulation"
"140","Anesthesia","Surgery and Rehabilitation"
"141","Aneurysms","Blood, Heart and Circulation"
"142","Angina","Seniors"
"142","Angina","Blood, Heart and Circulation"
"161","Animal Bites","Injuries and Wounds"
"161","Animal Bites","Immune System"
"1612","Ankle Injuries and Disorders","Bones, Joints and Muscles"
"1612","Ankle Injuries and Disorders","Injuries and Wounds"
"143","Ankylosing Spondylitis","Bones, Joints and Muscles"
"143","Ankylosing Spondylitis","Immune System"
"1565","Anthrax","Infections"
"6252","Antibiotic Resistance","Infections"
"6252","Antibiotic Resistance","Drug Therapy"
"4146","Antidepressants","Mental Health and Behavior"
"4146","Antidepressants","Drug Therapy"
"144","Anxiety","Mental Health and Behavior"
"4931","Aortic Aneurysm","Blood, Heart and Circulation"
"5955","Aplastic Anemia","Blood, Heart and Circulation"
"5955","Aplastic Anemia","Immune System"
"1223","Appendicitis","Digestive System"
"4329","Arm Injuries and Disorders","Bones, Joints and Muscles"
"4329","Arm Injuries and Disorders","Injuries and Wounds"
"147","Arrhythmia","Blood, Heart and Circulation"
"4553","Arteriovenous Malformations","Blood, Heart and Circulation"
"4553","Arteriovenous Malformations","Brain and Nerves"
"23","Arthritis","Bones, Joints and Muscles"
"5628","Aspergillosis","Infections"
"2","Asthma","Lungs and Breathing"
"2","Asthma","Immune System"
"1507","Asthma in Children","Children and Teenagers"
"1507","Asthma in Children","Lungs and Breathing"
"1507","Asthma in Children","Immune System"
"5400","Atherosclerosis","Blood, Heart and Circulation"
"151","Athlete's Foot","Infections"
"151","Athlete's Foot","Skin, Hair and Nails"
"4964","Atrial Fibrillation","Blood, Heart and Circulation"
"152","Attention Deficit Hyperactivity Disorder","Children and Teenagers"
"152","Attention Deficit Hyperactivity Disorder","Mental Health and Behavior"
"152","Attention Deficit Hyperactivity Disorder","Brain and Nerves"
"153","Autism Spectrum Disorder","Children and Teenagers"
"153","Autism Spectrum Disorder","Mental Health and Behavior"
"154","Autoimmune Diseases","Immune System"
"5376","B Vitamins","Food and Nutrition"
"156","Back Injuries","Bones, Joints and Muscles"
"156","Back Injuries","Injuries and Wounds"
"157","Back Pain","Bones, Joints and Muscles"
"157","Back Pain","Brain and Nerves"
"158","Bacterial Infections","Infections"
"5953","Balance Problems","Seniors"
"5953","Balance Problems","Ear, Nose and Throat"
"5649","Bed Bugs","Injuries and Wounds"
"524","Bedwetting","Children and Teenagers"
"1219","Bell's Palsy","Brain and Nerves"
"3585","Benign Tumors","Cancers"
"159","Bereavement","Mental Health and Behavior"
"159","Bereavement","Social/Family Issues"
"5905","Bile Duct Cancer","Cancers"
"5905","Bile Duct Cancer","Digestive System"
"3787","Bile Duct Diseases","Digestive System"
"5921","Biopsy","Cancers"
"5921","Biopsy","Diagnostic Tests"
"600","Bipolar Disorder","Mental Health and Behavior"
"1127","Birth Defects","Genetics/Birth Defects"
"5402","Birthmarks","Skin, Hair and Nails"
"163","Bladder Cancer","Cancers"
"163","Bladder Cancer","Kidneys and Urinary System"
"164","Bladder Diseases","Kidneys and Urinary System"
"6039","Bleeding","Blood, Heart and Circulation"
"6039","Bleeding","Injuries and Wounds"
"6039","Bleeding","Symptoms"
"166","Bleeding Disorders","Blood, Heart and Circulation"
"6076","Blood Clots","Blood, Heart and Circulation"
"3646","Blood Disorders","Blood, Heart and Circulation"
"6121","Blood Sugar","Endocrine System"
"6121","Blood Sugar","Metabolic Problems"
"6121","Blood Sugar","Diabetes Mellitus"
"4861","Blood Thinners","Blood, Heart and Circulation"
"4861","Blood Thinners","Drug Therapy"
"1211","Blood Transfusion and Donation","Blood, Heart and Circulation"
"1211","Blood Transfusion and Donation","Transplantation and Donation"
"169","Bone Cancer","Cancers"
"169","Bone Cancer","Bones, Joints and Muscles"
"5935","Bone Density","Bones, Joints and Muscles"
"170","Bone Diseases","Bones, Joints and Muscles"
"5739","Bone Infections","Bones, Joints and Muscles"
"5739","Bone Infections","Infections"
"171","Bone Marrow Diseases","Immune System"
"5316","Bowel Incontinence","Digestive System"
"5262","Bowel Movement","Digestive System"
"4926","Brain Aneurysm","Blood, Heart and Circulation"
"4926","Brain Aneurysm","Brain and Nerves"
"174","Brain Diseases","Brain and Nerves"
"3022","Brain Malformations","Brain and Nerves"
"3022","Brain Malformations","Genetics/Birth Defects"
"173","Brain Tumors","Cancers"
"173","Brain Tumors","Brain and Nerves"
"3","Breast Cancer","Cancers"
"3","Breast Cancer","Women"
"3","Breast Cancer","Female Reproductive System"
"474","Breast Diseases","Women"
"474","Breast Diseases","Female Reproductive System"
"175","Breastfeeding","Women"
"175","Breastfeeding","Food and Nutrition"
"175","Breastfeeding","Female Reproductive System"
"3077","Breathing Problems","Lungs and Breathing"
"3077","Breathing Problems","Symptoms"
"5977","Bronchial Disorders","Lungs and Breathing"
"1621","Bruises","Skin, Hair and Nails"
"1621","Bruises","Injuries and Wounds"
"1621","Bruises","Symptoms"
"4026","Bullying","Children and Teenagers"
"4026","Bullying","Social/Family Issues"
"176","Burns","Skin, Hair and Nails"
"176","Burns","Injuries and Wounds"
"1230","Bursitis","Bones, Joints and Muscles"
"2780","Calcium","Bones, Joints and Muscles"
"2780","Calcium","Food and Nutrition"
"25","Cancer","Cancers"
"4355","Cancer in Children","Cancers"
"4355","Cancer in Children","Children and Teenagers"
"1277","Carcinoid Tumors","Cancers"
"4266","Cardiac Arrest","Blood, Heart and Circulation"
"3754","Cardiomyopathy","Blood, Heart and Circulation"
"4063","Carotid Artery Disease","Blood, Heart and Circulation"
"179","Carpal Tunnel Syndrome","Bones, Joints and Muscles"
"179","Carpal Tunnel Syndrome","Brain and Nerves"
"1412","Cartilage Disorders","Bones, Joints and Muscles"
"116","Cataract","Seniors"
"116","Cataract","Eyes and Vision"
"897","Celiac Disease","Digestive System"
"897","Celiac Disease","Metabolic Problems"
"5919","Cerebellar Disorders","Brain and Nerves"
"180","Cerebral Palsy","Brain and Nerves"
"180","Cerebral Palsy","Genetics/Birth Defects"
"111","Cervical Cancer","Cancers"
"111","Cervical Cancer","Women"
"111","Cervical Cancer","Female Reproductive System"
"5415","Cervix Disorders","Female Reproductive System"
"1260","Charcot-Marie-Tooth Disease","Brain and Nerves"
"1260","Charcot-Marie-Tooth Disease","Genetics/Birth Defects"
"5858","Chest Injuries and Disorders","Bones, Joints and Muscles"
"5858","Chest Injuries and Disorders","Injuries and Wounds"
"4744","Chest Pain","Blood, Heart and Circulation"
"4744","Chest Pain","Symptoms"
"182","Chickenpox","Children and Teenagers"
"182","Chickenpox","Infections"
"182","Chickenpox","Skin, Hair and Nails"
"184","Child Behavior Disorders","Children and Teenagers"
"184","Child Behavior Disorders","Mental Health and Behavior"
"1535","Child Dental Health","Children and Teenagers"
"1535","Child Dental Health","Mouth and Teeth"
"185","Child Development","Children and Teenagers"
"3162","Child Mental Health","Children and Teenagers"
"3162","Child Mental Health","Mental Health and Behavior"
"3083","Child Nutrition","Children and Teenagers"
"3083","Child Nutrition","Food and Nutrition"
"305","Childbirth","Women"
"305","Childbirth","Pregnancy and Reproduction"
"305","Childbirth","Female Reproductive System"
"5893","Childbirth Problems","Children and Teenagers"
"5893","Childbirth Problems","Women"
"5893","Childbirth Problems","Pregnancy and Reproduction"
"4177","Childhood Brain Tumors","Cancers"
"4177","Childhood Brain Tumors","Children and Teenagers"
"4177","Childhood Brain Tumors","Brain and Nerves"
"1438","Childhood Leukemia","Cancers"
"1438","Childhood Leukemia","Children and Teenagers"
"1438","Childhood Leukemia","Blood, Heart and Circulation"
"1438","Childhood Leukemia","Immune System"
"501","Children's Health","Children and Teenagers"
"501","Children's Health","Population Groups"
"1307","Chlamydia Infections","Infections"
"1307","Chlamydia Infections","Sexual Health Issues"
"1307","Chlamydia Infections","Female Reproductive System"
"1307","Chlamydia Infections","Male Reproductive System"
"1544","Choking","Lungs and Breathing"
"1544","Choking","Injuries and Wounds"
"1544","Choking","Symptoms"
"26","Cholesterol","Blood, Heart and Circulation"
"26","Cholesterol","Food and Nutrition"
"6811","Cholesterol Medicines","Blood, Heart and Circulation"
"6811","Cholesterol Medicines","Food and Nutrition"
"1608","Chronic Bronchitis","Infections"
"1608","Chronic Bronchitis","Lungs and Breathing"
"89","Chronic Fatigue Syndrome","Bones, Joints and Muscles"
"89","Chronic Fatigue Syndrome","Infections"
"5987","Chronic Kidney Disease","Kidneys and Urinary System"
"87","Chronic Lymphocytic Leukemia","Cancers"
"87","Chronic Lymphocytic Leukemia","Blood, Heart and Circulation"
"87","Chronic Lymphocytic Leukemia","Immune System"
"5624","Chronic Myeloid Leukemia","Cancers"
"5624","Chronic Myeloid Leukemia","Blood, Heart and Circulation"
"5995","Chronic Pain","Brain and Nerves"
"5995","Chronic Pain","Symptoms"
"190","Cirrhosis","Digestive System"
"191","Cleft Lip and Palate","Mouth and Teeth"
"191","Cleft Lip and Palate","Genetics/Birth Defects"
"4617","Clostridium Difficile Infections","Digestive System"
"4617","Clostridium Difficile Infections","Infections"
"1490","Club Drugs","Substance Abuse Problems"
"193","Cocaine","Substance Abuse Problems"
"5214","Cochlear Implants","Ear, Nose and Throat"
"4961","Cold and Cough Medicines","Drug Therapy"
"6143","Collapsed Lung","Lungs and Breathing"
"194","Colonic Diseases","Digestive System"
"3134","Colonic Polyps","Cancers"
"3134","Colonic Polyps","Digestive System"
"88","Colorectal Cancer","Cancers"
"88","Colorectal Cancer","Digestive System"
"196","Common Cold","Infections"
"196","Common Cold","Ear, Nose and Throat"
"5428","Common Infant and Newborn Problems","Children and Teenagers"
"4867","Concussion","Brain and Nerves"
"4867","Concussion","Injuries and Wounds"
"198","Congenital Heart Defects","Blood, Heart and Circulation"
"198","Congenital Heart Defects","Genetics/Birth Defects"
"1411","Connective Tissue Disorders","Bones, Joints and Muscles"
"200","Constipation","Digestive System"
"200","Constipation","Symptoms"
"27","COPD","Seniors"
"27","COPD","Lungs and Breathing"
"5532","Corneal Disorders","Eyes and Vision"
"5833","Corns and Calluses","Skin, Hair and Nails"
"202","Coronary Artery Bypass Surgery","Blood, Heart and Circulation"
"202","Coronary Artery Bypass Surgery","Surgery and Rehabilitation"
"1276","Coronary Artery Disease","Seniors"
"1276","Coronary Artery Disease","Blood, Heart and Circulation"
"3616","Cosmetic Dentistry","Mouth and Teeth"
"1543","Cough","Lungs and Breathing"
"1543","Cough","Ear, Nose and Throat"
"1543","Cough","Symptoms"
"5757","Craniofacial Abnormalities","Bones, Joints and Muscles"
"5757","Craniofacial Abnormalities","Brain and Nerves"
"5757","Craniofacial Abnormalities","Genetics/Birth Defects"
"1242","Creutzfeldt-Jakob Disease","Brain and Nerves"
"1352","Critical Care","Surgery and Rehabilitation"
"119","Crohn's Disease","Digestive System"
"1591","Cryptosporidiosis","Infections"
"1591","Cryptosporidiosis","Immune System"
"4318","Cushing's Syndrome","Endocrine System"
"203","Cystic Fibrosis","Lungs and Breathing"
"203","Cystic Fibrosis","Genetics/Birth Defects"
"3980","Cytomegalovirus Infections","Infections"
"6410","Dandruff, Cradle Cap, and Other Scalp Conditions","Skin, Hair and Nails"
"1683","Deep Vein Thrombosis","Blood, Heart and Circulation"
"619","Degenerative Nerve Diseases","Brain and Nerves"
"6051","Dehydration","Symptoms"
"6051","Dehydration","Metabolic Problems"
"205","Dementia","Mental Health and Behavior"
"205","Dementia","Seniors"
"205","Dementia","Brain and Nerves"
"3104","Dengue","Infections"
"28","Dental Health","Mouth and Teeth"
"28","Dental Health","Wellness and Lifestyle"
"3583","Dentures","Mouth and Teeth"
"113","Depression","Mental Health and Behavior"
"209","Developmental Disabilities","Children and Teenagers"
"209","Developmental Disabilities","Mental Health and Behavior"
"4","Diabetes","Seniors"
"4","Diabetes","Endocrine System"
"4","Diabetes","Metabolic Problems"
"4","Diabetes","Diabetes Mellitus"
"1408","Diabetes and Pregnancy","Pregnancy and Reproduction"
"1408","Diabetes and Pregnancy","Endocrine System"
"1408","Diabetes and Pregnancy","Female Reproductive System"
"1408","Diabetes and Pregnancy","Diabetes Mellitus"
"4567","Diabetes Complications","Endocrine System"
"4567","Diabetes Complications","Metabolic Problems"
"4567","Diabetes Complications","Diabetes Mellitus"
"6026","Diabetes in Children and Teens","Children and Teenagers"
"6026","Diabetes in Children and Teens","Endocrine System"
"6026","Diabetes in Children and Teens","Diabetes Mellitus"
"3046","Diabetes Insipidus","Kidneys and Urinary System"
"3046","Diabetes Insipidus","Endocrine System"
"3046","Diabetes Insipidus","Metabolic Problems"
"4935","Diabetes Medicines","Endocrine System"
"4935","Diabetes Medicines","Drug Therapy"
"4935","Diabetes Medicines","Diabetes Mellitus"
"1339","Diabetes Type 1","Children and Teenagers"
"1339","Diabetes Type 1","Immune System"
"1339","Diabetes Type 1","Endocrine System"
"1339","Diabetes Type 1","Diabetes Mellitus"
"5930","Diabetes Type 2","Children and Teenagers"
"5930","Diabetes Type 2","Endocrine System"
"5930","Diabetes Type 2","Diabetes Mellitus"
"1340","Diabetic Eye Problems","Eyes and Vision"
"1340","Diabetic Eye Problems","Endocrine System"
"1340","Diabetic Eye Problems","Diabetes Mellitus"
"6011","Diabetic Heart Disease","Blood, Heart and Circulation"
"6011","Diabetic Heart Disease","Endocrine System"
"6011","Diabetic Heart Disease","Diabetes Mellitus"
"1559","Diabetic Kidney Problems","Kidneys and Urinary System"
"1559","Diabetic Kidney Problems","Endocrine System"
"1559","Diabetic Kidney Problems","Diabetes Mellitus"
"1465","Diabetic Nerve Problems","Brain and Nerves"
"1465","Diabetic Nerve Problems","Endocrine System"
"1465","Diabetic Nerve Problems","Diabetes Mellitus"
"3789","Dialysis","Kidneys and Urinary System"
"211","Diarrhea","Digestive System"
"211","Diarrhea","Symptoms"
"3668","Dietary Proteins","Food and Nutrition"
"29","Digestive Diseases","Digestive System"
"1512","Diphtheria","Infections"
"1512","Diphtheria","Ear, Nose and Throat"
"6927","Dislocated Shoulder","Bones, Joints and Muscles"
"6927","Dislocated Shoulder","Injuries and Wounds"
"3052","Dislocations","Bones, Joints and Muscles"
"3052","Dislocations","Injuries and Wounds"
"214","Diverticulosis and Diverticulitis","Digestive System"
"216","Dizziness and Vertigo","Brain and Nerves"
"216","Dizziness and Vertigo","Ear, Nose and Throat"
"216","Dizziness and Vertigo","Symptoms"
"217","Down Syndrome","Genetics/Birth Defects"
"30","Drug Abuse","Substance Abuse Problems"
"5603","Drug Reactions","Drug Therapy"
"4959","Drugs and Young People","Children and Teenagers"
"4959","Drugs and Young People","Substance Abuse Problems"
"5798","Dry Mouth","Mouth and Teeth"
"1244","Dwarfism","Bones, Joints and Muscles"
"1244","Dwarfism","Genetics/Birth Defects"
"1244","Dwarfism","Endocrine System"
"1252","Dystonia","Brain and Nerves"
"1545","Ear Disorders","Ear, Nose and Throat"
"115","Ear Infections","Children and Teenagers"
"115","Ear Infections","Ear, Nose and Throat"
"237","Eating Disorders","Mental Health and Behavior"
"237","Eating Disorders","Food and Nutrition"
"6202","Ebola","Infections"
"5811","Ectopic Pregnancy","Women"
"5811","Ectopic Pregnancy","Pregnancy and Reproduction"
"5811","Ectopic Pregnancy","Female Reproductive System"
"1215","Eczema","Skin, Hair and Nails"
"1229","Edema","Blood, Heart and Circulation"
"1229","Edema","Symptoms"
"506","Elbow Injuries and Disorders","Bones, Joints and Muscles"
"506","Elbow Injuries and Disorders","Injuries and Wounds"
"3623","Emphysema","Lungs and Breathing"
"241","Encephalitis","Brain and Nerves"
"4316","Endocarditis","Blood, Heart and Circulation"
"243","Endometriosis","Women"
"243","Endometriosis","Female Reproductive System"
"6196","Enlarged Prostate (BPH)","Male Reproductive System"
"4589","Eosinophilic Disorders","Digestive System"
"4589","Eosinophilic Disorders","Blood, Heart and Circulation"
"4589","Eosinophilic Disorders","Lungs and Breathing"
"4589","Eosinophilic Disorders","Immune System"
"6967","Eosinophilic Esophagitis","Digestive System"
"6967","Eosinophilic Esophagitis","Blood, Heart and Circulation"
"6967","Eosinophilic Esophagitis","Immune System"
"244","Epilepsy","Brain and Nerves"
"118","Erectile Dysfunction","Seniors"
"118","Erectile Dysfunction","Men"
"118","Erectile Dysfunction","Sexual Health Issues"
"118","Erectile Dysfunction","Male Reproductive System"
"245","Esophageal Cancer","Cancers"
"245","Esophageal Cancer","Digestive System"
"245","Esophageal Cancer","Ear, Nose and Throat"
"246","Esophagus Disorders","Digestive System"
"246","Esophagus Disorders","Ear, Nose and Throat"
"1530","Exercise for Seniors","Seniors"
"1530","Exercise for Seniors","Wellness and Lifestyle"
"1530","Exercise for Seniors","Fitness and Exercise"
"491","Eye Cancer","Cancers"
"491","Eye Cancer","Eyes and Vision"
"6425","Eye Care","Eyes and Vision"
"247","Eye Diseases","Eyes and Vision"
"4398","Eye Infections","Eyes and Vision"
"492","Eye Injuries","Eyes and Vision"
"492","Eye Injuries","Injuries and Wounds"
"5873","Eye Movement Disorders","Eyes and Vision"
"5404","Eyelid Disorders","Eyes and Vision"
"1574","Facial Injuries and Disorders","Brain and Nerves"
"1574","Facial Injuries and Disorders","Ear, Nose and Throat"
"1574","Facial Injuries and Disorders","Injuries and Wounds"
"1481","Fainting","Brain and Nerves"
"1481","Fainting","Symptoms"
"1661","Falls","Seniors"
"1661","Falls","Safety Issues"
"525","Family Issues","Social/Family Issues"
"5654","Female Infertility","Women"
"5654","Female Infertility","Pregnancy and Reproduction"
"5654","Female Infertility","Female Reproductive System"
"1300","Fetal Alcohol Spectrum Disorders","Substance Abuse Problems"
"1300","Fetal Alcohol Spectrum Disorders","Pregnancy and Reproduction"
"1300","Fetal Alcohol Spectrum Disorders","Genetics/Birth Defects"
"6057","Fetal Health and Development","Pregnancy and Reproduction"
"511","Fever","Infections"
"511","Fever","Symptoms"
"32","Fibromyalgia","Bones, Joints and Muscles"
"5356","Finger Injuries and Disorders","Bones, Joints and Muscles"
"5356","Finger Injuries and Disorders","Injuries and Wounds"
"3054","Fistulas","Digestive System"
"3054","Fistulas","Lungs and Breathing"
"299","Flu","Infections"
"299","Flu","Lungs and Breathing"
"4224","Fluid and Electrolyte Balance","Food and Nutrition"
"1611","Folic Acid","Food and Nutrition"
"1256","Food Allergy","Immune System"
"1256","Food Allergy","Food and Nutrition"
"254","Foodborne Illness","Digestive System"
"254","Foodborne Illness","Food and Nutrition"
"254","Foodborne Illness","Poisoning, Toxicology, Environmental Health"
"1327","Foot Health","Bones, Joints and Muscles"
"508","Foot Injuries and Disorders","Bones, Joints and Muscles"
"508","Foot Injuries and Disorders","Injuries and Wounds"
"5607","Foreign Bodies","Injuries and Wounds"
"257","Fractures","Bones, Joints and Muscles"
"257","Fractures","Injuries and Wounds"
"3690","Fragile X Syndrome","Genetics/Birth Defects"
"4359","Friedreich's Ataxia","Brain and Nerves"
"4359","Friedreich's Ataxia","Genetics/Birth Defects"
"5829","Frostbite","Injuries and Wounds"
"5829","Frostbite","Symptoms"
"258","Fungal Infections","Infections"
"258","Fungal Infections","Skin, Hair and Nails"
"6155","G6PD Deficiency","Genetics/Birth Defects"
"4645","Gallbladder Cancer","Cancers"
"4645","Gallbladder Cancer","Digestive System"
"259","Gallbladder Diseases","Digestive System"
"4643","Gallstones","Digestive System"
"4291","Gas","Digestive System"
"4291","Gas","Symptoms"
"3056","Gastroenteritis","Digestive System"
"3056","Gastroenteritis","Infections"
"1308","Gastrointestinal Bleeding","Digestive System"
"1308","Gastrointestinal Bleeding","Symptoms"
"3117","Genetic Brain Disorders","Brain and Nerves"
"3117","Genetic Brain Disorders","Genetics/Birth Defects"
"3117","Genetic Brain Disorders","Metabolic Problems"
"33","Genetic Disorders","Genetics/Birth Defects"
"5863","Genital Herpes","Infections"
"5863","Genital Herpes","Sexual Health Issues"
"5863","Genital Herpes","Female Reproductive System"
"5863","Genital Herpes","Male Reproductive System"
"512","GERD","Digestive System"
"5615","Giant Cell Arteritis","Blood, Heart and Circulation"
"5615","Giant Cell Arteritis","Immune System"
"1258","Giardia Infections","Infections"
"42","Glaucoma","Seniors"
"42","Glaucoma","Eyes and Vision"
"3019","Gonorrhea","Infections"
"3019","Gonorrhea","Sexual Health Issues"
"3019","Gonorrhea","Female Reproductive System"
"3019","Gonorrhea","Male Reproductive System"
"264","Gout","Bones, Joints and Muscles"
"1447","Granulomatosis with Polyangiitis","Blood, Heart and Circulation"
"1447","Granulomatosis with Polyangiitis","Kidneys and Urinary System"
"1447","Granulomatosis with Polyangiitis","Lungs and Breathing"
"265","Growth Disorders","Children and Teenagers"
"265","Growth Disorders","Endocrine System"
"1234","Guillain-Barre Syndrome","Brain and Nerves"
"266","Gum Disease","Mouth and Teeth"
"5968","Haemophilus Infections","Infections"
"5282","Hair Loss","Skin, Hair and Nails"
"531","Hair Problems","Skin, Hair and Nails"
"507","Hand Injuries and Disorders","Bones, Joints and Muscles"
"507","Hand Injuries and Disorders","Injuries and Wounds"
"4746","Hay Fever","Ear, Nose and Throat"
"4746","Hay Fever","Immune System"
"330","Head and Neck Cancer","Cancers"
"330","Head and Neck Cancer","Lungs and Breathing"
"330","Head and Neck Cancer","Ear, Nose and Throat"
"330","Head and Neck Cancer","Mouth and Teeth"
"5825","Head Injuries","Injuries and Wounds"
"272","Head Lice","Children and Teenagers"
"272","Head Lice","Infections"
"272","Head Lice","Skin, Hair and Nails"
"273","Headache","Brain and Nerves"
"273","Headache","Symptoms"
"1105","Health Problems in Pregnancy","Pregnancy and Reproduction"
"1105","Health Problems in Pregnancy","Female Reproductive System"
"5704","Healthy Aging","Seniors"
"5704","Healthy Aging","Wellness and Lifestyle"
"1597","Healthy Living","Wellness and Lifestyle"
"6469","Healthy Sleep","Brain and Nerves"
"204","Hearing Disorders and Deafness","Seniors"
"204","Hearing Disorders and Deafness","Ear, Nose and Throat"
"3693","Hearing Problems in Children","Children and Teenagers"
"3693","Hearing Problems in Children","Ear, Nose and Throat"
"5","Heart Attack","Blood, Heart and Circulation"
"4212","Heart Disease in Women","Women"
"4212","Heart Disease in Women","Blood, Heart and Circulation"
"277","Heart Diseases","Seniors"
"277","Heart Diseases","Blood, Heart and Circulation"
"199","Heart Failure","Seniors"
"199","Heart Failure","Blood, Heart and Circulation"
"279","Heart Valve Diseases","Blood, Heart and Circulation"
"1653","Heartburn","Digestive System"
"1653","Heartburn","Symptoms"
"280","Heat Illness","Injuries and Wounds"
"280","Heat Illness","Symptoms"
"3650","Heel Injuries and Disorders","Bones, Joints and Muscles"
"3650","Heel Injuries and Disorders","Injuries and Wounds"
"6078","Helicobacter Pylori Infections","Digestive System"
"6078","Helicobacter Pylori Infections","Infections"
"1220","Hemochromatosis","Digestive System"
"1220","Hemochromatosis","Genetics/Birth Defects"
"1220","Hemochromatosis","Metabolic Problems"
"3115","Hemophilia","Blood, Heart and Circulation"
"3115","Hemophilia","Genetics/Birth Defects"
"1226","Hemorrhoids","Digestive System"
"109","Hepatitis","Digestive System"
"109","Hepatitis","Infections"
"1686","Hepatitis A","Digestive System"
"1686","Hepatitis A","Infections"
"1687","Hepatitis B","Digestive System"
"1687","Hepatitis B","Infections"
"1286","Hepatitis C","Digestive System"
"1286","Hepatitis C","Infections"
"283","Hernia","Digestive System"
"284","Herniated Disk","Bones, Joints and Muscles"
"285","Heroin","Substance Abuse Problems"
"286","Herpes Simplex","Infections"
"286","Herpes Simplex","Mouth and Teeth"
"286","Herpes Simplex","Sexual Health Issues"
"286","Herpes Simplex","Female Reproductive System"
"286","Herpes Simplex","Male Reproductive System"
"34","High Blood Pressure","Seniors"
"34","High Blood Pressure","Blood, Heart and Circulation"
"1508","High Blood Pressure in Pregnancy","Pregnancy and Reproduction"
"1508","High Blood Pressure in Pregnancy","Female Reproductive System"
"6907","High Cholesterol in Children and Teens","Children and Teenagers"
"6907","High Cholesterol in Children and Teens","Blood, Heart and Circulation"
"6907","High Cholesterol in Children and Teens","Food and Nutrition"
"287","Hip Injuries and Disorders","Bones, Joints and Muscles"
"287","Hip Injuries and Disorders","Injuries and Wounds"
"5632","Histoplasmosis","Infections"
"1","HIV/AIDS","Infections"
"1","HIV/AIDS","Immune System"
"1503","HIV/AIDS and Infections","Infections"
"1503","HIV/AIDS and Infections","Immune System"
"5737","HIV/AIDS in Women","Women"
"5737","HIV/AIDS in Women","Immune System"
"4287","HIV/AIDS Medicines","Immune System"
"4287","HIV/AIDS Medicines","Drug Therapy"
"289","Hives","Skin, Hair and Nails"
"289","Hives","Immune System"
"289","Hives","Symptoms"
"1262","Hodgkin Disease","Cancers"
"1262","Hodgkin Disease","Immune System"
"1610","Hormone Replacement Therapy","Women"
"1610","Hormone Replacement Therapy","Endocrine System"
"1610","Hormone Replacement Therapy","Drug Therapy"
"1610","Hormone Replacement Therapy","Female Reproductive System"
"1499","Hormones","Endocrine System"
"1463","Household Products","Poisoning, Toxicology, Environmental Health"
"1463","Household Products","Safety Issues"
"1598","How to Prevent Heart Disease","Blood, Heart and Circulation"
"1598","How to Prevent Heart Disease","Wellness and Lifestyle"
"1715","HPV","Infections"
"1715","HPV","Sexual Health Issues"
"1715","HPV","Female Reproductive System"
"1218","Huntington's Disease","Brain and Nerves"
"1218","Huntington's Disease","Genetics/Birth Defects"
"607","Hydrocephalus","Brain and Nerves"
"607","Hydrocephalus","Genetics/Birth Defects"
"6125","Hyperglycemia","Endocrine System"
"6125","Hyperglycemia","Metabolic Problems"
"6125","Hyperglycemia","Diabetes Mellitus"
"6177","Hyperthyroidism","Endocrine System"
"1264","Hypoglycemia","Metabolic Problems"
"291","Hypothermia","Injuries and Wounds"
"291","Hypothermia","Symptoms"
"6175","Hypothyroidism","Endocrine System"
"295","Immune System and Disorders","Immune System"
"294","Immunization","Infections"
"294","Immunization","Immune System"
"4911","Impaired Driving","Safety Issues"
"1253","Impetigo","Infections"
"1253","Impetigo","Skin, Hair and Nails"
"4293","Indigestion","Digestive System"
"4293","Indigestion","Symptoms"
"1548","Infant and Newborn Development","Children and Teenagers"
"3154","Infections and Pregnancy","Infections"
"3154","Infections and Pregnancy","Pregnancy and Reproduction"
"3154","Infections and Pregnancy","Female Reproductive System"
"5668","Infectious Arthritis","Bones, Joints and Muscles"
"5668","Infectious Arthritis","Infections"
"298","Infectious Mononucleosis","Infections"
"298","Infectious Mononucleosis","Immune System"
"250","Infertility","Women"
"250","Infertility","Pregnancy and Reproduction"
"250","Infertility","Men"
"250","Infertility","Female Reproductive System"
"250","Infertility","Male Reproductive System"
"526","Insect Bites and Stings","Skin, Hair and Nails"
"526","Insect Bites and Stings","Injuries and Wounds"
"6055","Insomnia","Brain and Nerves"
"1274","Interstitial Cystitis","Kidneys and Urinary System"
"5597","Interstitial Lung Diseases","Lungs and Breathing"
"3652","Intestinal Cancer","Cancers"
"3652","Intestinal Cancer","Digestive System"
"5275","Intestinal Obstruction","Digestive System"
"5542","Iron","Food and Nutrition"
"614","Irritable Bowel Syndrome","Digestive System"
"4452","Jaundice","Digestive System"
"4452","Jaundice","Symptoms"
"5536","Jaw Injuries and Disorders","Bones, Joints and Muscles"
"5536","Jaw Injuries and Disorders","Mouth and Teeth"
"5536","Jaw Injuries and Disorders","Injuries and Wounds"
"4621","Joint Disorders","Bones, Joints and Muscles"
"1292","Juvenile Arthritis","Children and Teenagers"
"1292","Juvenile Arthritis","Bones, Joints and Muscles"
"1292","Juvenile Arthritis","Immune System"
"481","Kaposi Sarcoma","Cancers"
"481","Kaposi Sarcoma","Skin, Hair and Nails"
"4921","Kawasaki Disease","Blood, Heart and Circulation"
"4921","Kawasaki Disease","Skin, Hair and Nails"
"4921","Kawasaki Disease","Immune System"
"301","Kidney Cancer","Cancers"
"301","Kidney Cancer","Kidneys and Urinary System"
"5808","Kidney Cysts","Kidneys and Urinary System"
"91","Kidney Diseases","Kidneys and Urinary System"
"302","Kidney Failure","Kidneys and Urinary System"
"1224","Kidney Stones","Kidneys and Urinary System"
"1299","Kidney Transplantation","Kidneys and Urinary System"
"1299","Kidney Transplantation","Transplantation and Donation"
"304","Knee Injuries and Disorders","Bones, Joints and Muscles"
"304","Knee Injuries and Disorders","Injuries and Wounds"
"898","Lactose Intolerance","Digestive System"
"898","Lactose Intolerance","Metabolic Problems"
"1439","Latex Allergy","Immune System"
"608","Lead Poisoning","Children and Teenagers"
"608","Lead Poisoning","Poisoning, Toxicology, Environmental Health"
"306","Learning Disabilities","Children and Teenagers"
"306","Learning Disabilities","Mental Health and Behavior"
"509","Leg Injuries and Disorders","Bones, Joints and Muscles"
"509","Leg Injuries and Disorders","Injuries and Wounds"
"3748","Leishmaniasis","Infections"
"3748","Leishmaniasis","Skin, Hair and Nails"
"5620","Leukemia","Cancers"
"5620","Leukemia","Blood, Heart and Circulation"
"1718","Leukodystrophies","Brain and Nerves"
"1718","Leukodystrophies","Genetics/Birth Defects"
"1718","Leukodystrophies","Metabolic Problems"
"4070","Lewy Body Disease","Brain and Nerves"
"6387","Lipid Metabolism Disorders","Metabolic Problems"
"1241","Listeria Infections","Infections"
"309","Liver Cancer","Cancers"
"309","Liver Cancer","Digestive System"
"310","Liver Diseases","Digestive System"
"1502","Living with HIV/AIDS","Immune System"
"1225","Low Blood Pressure","Blood, Heart and Circulation"
"86","Lung Cancer","Cancers"
"86","Lung Cancer","Lungs and Breathing"
"484","Lung Diseases","Lungs and Breathing"
"82","Lupus","Immune System"
"84","Lyme Disease","Infections"
"591","Lymphatic Diseases","Immune System"
"4610","Lymphedema","Blood, Heart and Circulation"
"4610","Lymphedema","Immune System"
"117","Lymphoma","Cancers"
"117","Lymphoma","Immune System"
"313","Macular Degeneration","Seniors"
"313","Macular Degeneration","Eyes and Vision"
"5459","Malabsorption Syndromes","Digestive System"
"5459","Malabsorption Syndromes","Food and Nutrition"
"315","Malaria","Blood, Heart and Circulation"
"315","Malaria","Infections"
"3577","Male Breast Cancer","Cancers"
"3577","Male Breast Cancer","Men"
"5656","Male Infertility","Men"
"5656","Male Infertility","Male Reproductive System"
"5461","Malnutrition","Food and Nutrition"
"1263","Mammography","Women"
"1263","Mammography","Diagnostic Tests"
"1263","Mammography","Female Reproductive System"
"939","Marfan Syndrome","Genetics/Birth Defects"
"317","Marijuana","Substance Abuse Problems"
"318","Measles","Children and Teenagers"
"318","Measles","Infections"
"318","Measles","Skin, Hair and Nails"
"31","Medicines","Drug Therapy"
"6005","Medicines and Children","Children and Teenagers"
"6005","Medicines and Children","Drug Therapy"
"321","Melanoma","Cancers"
"321","Melanoma","Skin, Hair and Nails"
"1452","Memory","Mental Health and Behavior"
"1452","Memory","Seniors"
"1452","Memory","Brain and Nerves"
"322","Men's Health","Men"
"322","Men's Health","Population Groups"
"324","Meningitis","Infections"
"324","Meningitis","Brain and Nerves"
"5651","Meningococcal Infections","Infections"
"62","Menopause","Women"
"62","Menopause","Seniors"
"62","Menopause","Female Reproductive System"
"325","Menstruation","Women"
"325","Menstruation","Endocrine System"
"325","Menstruation","Female Reproductive System"
"5676","Mental Disorders","Mental Health and Behavior"
"35","Mental Health","Mental Health and Behavior"
"35","Mental Health","Wellness and Lifestyle"
"1436","Mercury","Poisoning, Toxicology, Environmental Health"
"4014","Mesothelioma","Cancers"
"4014","Mesothelioma","Lungs and Breathing"
"1703","Metabolic Disorders","Genetics/Birth Defects"
"1703","Metabolic Disorders","Metabolic Problems"
"3528","Metabolic Syndrome","Blood, Heart and Circulation"
"3528","Metabolic Syndrome","Endocrine System"
"3528","Metabolic Syndrome","Metabolic Problems"
"3528","Metabolic Syndrome","Diabetes Mellitus"
"134","Methamphetamine","Substance Abuse Problems"
"3157","Migraine","Brain and Nerves"
"5741","Mild Cognitive Impairment","Mental Health and Behavior"
"5741","Mild Cognitive Impairment","Seniors"
"5741","Mild Cognitive Impairment","Brain and Nerves"
"515","Miscarriage","Women"
"515","Miscarriage","Pregnancy and Reproduction"
"515","Miscarriage","Female Reproductive System"
"6391","Mitochondrial Diseases","Metabolic Problems"
"1605","Mitral Valve Prolapse","Blood, Heart and Circulation"
"4491","Moles","Skin, Hair and Nails"
"6063","Mood Disorders","Mental Health and Behavior"
"594","Mouth Disorders","Ear, Nose and Throat"
"594","Mouth Disorders","Mouth and Teeth"
"520","Movement Disorders","Bones, Joints and Muscles"
"520","Movement Disorders","Brain and Nerves"
"4539","MRSA","Infections"
"332","Multiple Myeloma","Cancers"
"332","Multiple Myeloma","Immune System"
"83","Multiple Sclerosis","Bones, Joints and Muscles"
"83","Multiple Sclerosis","Brain and Nerves"
"334","Mumps","Children and Teenagers"
"334","Mumps","Infections"
"510","Muscle Disorders","Bones, Joints and Muscles"
"335","Muscular Dystrophy","Bones, Joints and Muscles"
"335","Muscular Dystrophy","Genetics/Birth Defects"
"336","Myasthenia Gravis","Brain and Nerves"
"5360","Mycobacterial Infections","Infections"
"5550","Myelodysplastic Syndromes","Immune System"
"1617","Myositis","Bones, Joints and Muscles"
"2720","Nasal Cancer","Cancers"
"2720","Nasal Cancer","Ear, Nose and Throat"
"337","Native American Health","Population Groups"
"489","Nausea and Vomiting","Digestive System"
"489","Nausea and Vomiting","Symptoms"
"339","Neck Injuries and Disorders","Bones, Joints and Muscles"
"339","Neck Injuries and Disorders","Injuries and Wounds"
"340","Neural Tube Defects","Brain and Nerves"
"340","Neural Tube Defects","Genetics/Birth Defects"
"1240","Neuroblastoma","Cancers"
"1240","Neuroblastoma","Brain and Nerves"
"341","Neurologic Diseases","Brain and Nerves"
"1518","Neuromuscular Disorders","Bones, Joints and Muscles"
"1518","Neuromuscular Disorders","Brain and Nerves"
"6103","Norovirus Infections","Digestive System"
"6103","Norovirus Infections","Infections"
"1400","Nose Injuries and Disorders","Ear, Nose and Throat"
"1616","Nutrition for Seniors","Seniors"
"1616","Nutrition for Seniors","Food and Nutrition"
"61","Obesity","Food and Nutrition"
"61","Obesity","Metabolic Problems"
"4077","Obesity in Children","Children and Teenagers"
"4077","Obesity in Children","Food and Nutrition"
"4077","Obesity in Children","Metabolic Problems"
"471","Obsessive-Compulsive Disorder","Mental Health and Behavior"
"6431","Opioid Abuse and Addiction","Substance Abuse Problems"
"7109","Opioid Overdose","Substance Abuse Problems"
"6427","Optic Nerve Disorders","Eyes and Vision"
"331","Oral Cancer","Cancers"
"331","Oral Cancer","Mouth and Teeth"
"3614","Orthodontia","Mouth and Teeth"
"1250","Osteoarthritis","Seniors"
"1250","Osteoarthritis","Bones, Joints and Muscles"
"940","Osteogenesis Imperfecta","Bones, Joints and Muscles"
"940","Osteogenesis Imperfecta","Genetics/Birth Defects"
"1647","Osteonecrosis","Bones, Joints and Muscles"
"37","Osteoporosis","Women"
"37","Osteoporosis","Seniors"
"37","Osteoporosis","Bones, Joints and Muscles"
"348","Ovarian Cancer","Cancers"
"348","Ovarian Cancer","Women"
"348","Ovarian Cancer","Endocrine System"
"348","Ovarian Cancer","Female Reproductive System"
"5804","Ovarian Disorders","Women"
"5804","Ovarian Disorders","Female Reproductive System"
"6132","Overactive Bladder","Kidneys and Urinary System"
"1607","Paget's Disease of Bone","Bones, Joints and Muscles"
"351","Pain","Brain and Nerves"
"351","Pain","Symptoms"
"469","Pancreatic Cancer","Cancers"
"469","Pancreatic Cancer","Digestive System"
"469","Pancreatic Cancer","Endocrine System"
"110","Pancreatic Diseases","Digestive System"
"110","Pancreatic Diseases","Endocrine System"
"5876","Pancreatitis","Digestive System"
"601","Panic Disorder","Mental Health and Behavior"
"482","Parasitic Diseases","Infections"
"356","Parathyroid Disorders","Endocrine System"
"85","Parkinson's Disease","Seniors"
"85","Parkinson's Disease","Brain and Nerves"
"3044","Pelvic Inflammatory Disease","Women"
"3044","Pelvic Inflammatory Disease","Infections"
"3044","Pelvic Inflammatory Disease","Female Reproductive System"
"4486","Pelvic Pain","Women"
"4486","Pelvic Pain","Symptoms"
"4486","Pelvic Pain","Sexual Health Issues"
"4486","Pelvic Pain","Female Reproductive System"
"1677","Pelvic Support Problems","Women"
"1677","Pelvic Support Problems","Female Reproductive System"
"1360","Penis Disorders","Men"
"1360","Penis Disorders","Sexual Health Issues"
"1360","Penis Disorders","Male Reproductive System"
"357","Peptic Ulcer","Digestive System"
"5664","Pericardial Disorders","Blood, Heart and Circulation"
"4083","Peripheral Arterial Disease","Blood, Heart and Circulation"
"1095","Peripheral Nerve Disorders","Brain and Nerves"
"5583","Peritoneal Disorders","Digestive System"
"4117","Personality Disorders","Mental Health and Behavior"
"498","Pesticides","Poisoning, Toxicology, Environmental Health"
"1399","Pet Health","Wellness and Lifestyle"
"1231","Phenylketonuria","Brain and Nerves"
"1231","Phenylketonuria","Genetics/Birth Defects"
"1231","Phenylketonuria","Metabolic Problems"
"1237","Pheochromocytoma","Cancers"
"1237","Pheochromocytoma","Endocrine System"
"360","Phobias","Mental Health and Behavior"
"4946","Pinkeye","Eyes and Vision"
"4946","Pinkeye","Infections"
"362","Pituitary Disorders","Brain and Nerves"
"362","Pituitary Disorders","Endocrine System"
"5328","Pituitary Tumors","Cancers"
"5328","Pituitary Tumors","Endocrine System"
"1656","Plague","Infections"
"5218","Platelet Disorders","Blood, Heart and Circulation"
"4627","Pleural Disorders","Lungs and Breathing"
"5714","Pneumococcal Infections","Infections"
"363","Pneumonia","Infections"
"363","Pneumonia","Lungs and Breathing"
"3878","Poison Ivy, Oak, and Sumac","Skin, Hair and Nails"
"364","Poisoning","Poisoning, Toxicology, Environmental Health"
"364","Poisoning","Safety Issues"
"365","Polio and Post-Polio Syndrome","Bones, Joints and Muscles"
"365","Polio and Post-Polio Syndrome","Infections"
"365","Polio and Post-Polio Syndrome","Brain and Nerves"
"5912","Polycystic Ovary Syndrome","Women"
"5912","Polycystic Ovary Syndrome","Endocrine System"
"5912","Polycystic Ovary Syndrome","Female Reproductive System"
"1382","Polymyalgia Rheumatica","Bones, Joints and Muscles"
"1382","Polymyalgia Rheumatica","Skin, Hair and Nails"
"1249","Porphyria","Digestive System"
"1249","Porphyria","Skin, Hair and Nails"
"367","Post-Traumatic Stress Disorder","Mental Health and Behavior"
"4919","Postpartum Care","Women"
"4919","Postpartum Care","Pregnancy and Reproduction"
"1238","Postpartum Depression","Women"
"1238","Postpartum Depression","Mental Health and Behavior"
"1238","Postpartum Depression","Pregnancy and Reproduction"
"5949","Potassium","Food and Nutrition"
"4455","Preconception Care","Women"
"4455","Preconception Care","Pregnancy and Reproduction"
"4455","Preconception Care","Men"
"5784","Prediabetes","Endocrine System"
"5784","Prediabetes","Diabetes Mellitus"
"368","Pregnancy","Women"
"368","Pregnancy","Pregnancy and Reproduction"
"368","Pregnancy","Female Reproductive System"
"5578","Pregnancy and Medicines","Pregnancy and Reproduction"
"5578","Pregnancy and Medicines","Genetics/Birth Defects"
"7131","Pregnancy and Opioids","Substance Abuse Problems"
"7131","Pregnancy and Opioids","Pregnancy and Reproduction"
"7131","Pregnancy and Opioids","Female Reproductive System"
"1519","Premature Babies","Children and Teenagers"
"1519","Premature Babies","Pregnancy and Reproduction"
"3793","Premenstrual Syndrome","Women"
"3793","Premenstrual Syndrome","Female Reproductive System"
"1706","Prescription Drug Abuse","Substance Abuse Problems"
"371","Pressure Sores","Skin, Hair and Nails"
"3684","Primary Ovarian Insufficiency","Women"
"3684","Primary Ovarian Insufficiency","Pregnancy and Reproduction"
"3684","Primary Ovarian Insufficiency","Endocrine System"
"3684","Primary Ovarian Insufficiency","Female Reproductive System"
"112","Prostate Cancer","Cancers"
"112","Prostate Cancer","Seniors"
"112","Prostate Cancer","Men"
"112","Prostate Cancer","Male Reproductive System"
"7","Prostate Diseases","Seniors"
"7","Prostate Diseases","Men"
"7","Prostate Diseases","Male Reproductive System"
"373","Psoriasis","Skin, Hair and Nails"
"4180","Psychotic Disorders","Mental Health and Behavior"
"5569","Puberty","Children and Teenagers"
"5569","Puberty","Sexual Health Issues"
"377","Pulmonary Embolism","Lungs and Breathing"
"378","Pulmonary Fibrosis","Lungs and Breathing"
"3634","Pulmonary Hypertension","Blood, Heart and Circulation"
"3634","Pulmonary Hypertension","Lungs and Breathing"
"1359","Quitting Smoking","Substance Abuse Problems"
"523","Rabies","Infections"
"379","Radiation Exposure","Injuries and Wounds"
"379","Radiation Exposure","Poisoning, Toxicology, Environmental Health"
"208","Rashes","Skin, Hair and Nails"
"381","Raynaud's Disease","Blood, Heart and Circulation"
"381","Raynaud's Disease","Symptoms"
"5870","Rectal Disorders","Digestive System"
"946","Refractive Errors","Eyes and Vision"
"6016","Respiratory Failure","Lungs and Breathing"
"3101","Respiratory Syncytial Virus Infections","Children and Teenagers"
"3101","Respiratory Syncytial Virus Infections","Infections"
"3101","Respiratory Syncytial Virus Infections","Lungs and Breathing"
"384","Restless Legs","Brain and Nerves"
"6141","Retinal Detachment","Eyes and Vision"
"1681","Retinal Disorders","Eyes and Vision"
"4272","Rett Syndrome","Brain and Nerves"
"4272","Rett Syndrome","Genetics/Birth Defects"
"5901","Rh Incompatibility","Blood, Heart and Circulation"
"5901","Rh Incompatibility","Pregnancy and Reproduction"
"1232","Rheumatoid Arthritis","Bones, Joints and Muscles"
"1232","Rheumatoid Arthritis","Immune System"
"1247","Rosacea","Skin, Hair and Nails"
"5932","Rotator Cuff Injuries","Bones, Joints and Muscles"
"5932","Rotator Cuff Injuries","Injuries and Wounds"
"3215","Rotavirus Infections","Infections"
"387","Rubella","Children and Teenagers"
"387","Rubella","Infections"
"387","Rubella","Skin, Hair and Nails"
"5331","Salivary Gland Cancer","Cancers"
"5331","Salivary Gland Cancer","Mouth and Teeth"
"1213","Salmonella Infections","Infections"
"389","Sarcoidosis","Lungs and Breathing"
"1254","Scabies","Infections"
"1254","Scabies","Skin, Hair and Nails"
"3195","Scars","Skin, Hair and Nails"
"392","Schizophrenia","Mental Health and Behavior"
"1532","Sciatica","Bones, Joints and Muscles"
"1532","Sciatica","Brain and Nerves"
"1532","Sciatica","Symptoms"
"394","Scleroderma","Skin, Hair and Nails"
"394","Scleroderma","Immune System"
"395","Scoliosis","Bones, Joints and Muscles"
"396","Seizures","Brain and Nerves"
"6091","Self-Harm","Mental Health and Behavior"
"21","Seniors' Health","Seniors"
"21","Seniors' Health","Population Groups"
"3210","Sepsis","Infections"
"1542","Sexual Health","Women"
"1542","Sexual Health","Men"
"1542","Sexual Health","Wellness and Lifestyle"
"1542","Sexual Health","Sexual Health Issues"
"1542","Sexual Health","Female Reproductive System"
"1542","Sexual Health","Male Reproductive System"
"5571","Sexual Problems in Men","Men"
"5571","Sexual Problems in Men","Sexual Health Issues"
"5571","Sexual Problems in Men","Male Reproductive System"
"1423","Sexual Problems in Women","Women"
"1423","Sexual Problems in Women","Sexual Health Issues"
"1423","Sexual Problems in Women","Female Reproductive System"
"400","Sexually Transmitted Diseases","Women"
"400","Sexually Transmitted Diseases","Infections"
"400","Sexually Transmitted Diseases","Men"
"400","Sexually Transmitted Diseases","Sexual Health Issues"
"400","Sexually Transmitted Diseases","Female Reproductive System"
"400","Sexually Transmitted Diseases","Male Reproductive System"
"90","Shingles","Seniors"
"90","Shingles","Infections"
"90","Shingles","Brain and Nerves"
"90","Shingles","Skin, Hair and Nails"
"5717","Shock","Blood, Heart and Circulation"
"505","Shoulder Injuries and Disorders","Bones, Joints and Muscles"
"505","Shoulder Injuries and Disorders","Injuries and Wounds"
"402","Sickle Cell Disease","Blood, Heart and Circulation"
"402","Sickle Cell Disease","Genetics/Birth Defects"
"404","Sinusitis","Seniors"
"404","Sinusitis","Infections"
"404","Sinusitis","Lungs and Breathing"
"404","Sinusitis","Ear, Nose and Throat"
"918","Sjogren's Syndrome","Bones, Joints and Muscles"
"918","Sjogren's Syndrome","Immune System"
"3775","Skin Aging","Seniors"
"3775","Skin Aging","Skin, Hair and Nails"
"405","Skin Cancer","Cancers"
"405","Skin Cancer","Skin, Hair and Nails"
"40","Skin Conditions","Skin, Hair and Nails"
"5358","Skin Infections","Infections"
"5358","Skin Infections","Skin, Hair and Nails"
"406","Skin Pigmentation Disorders","Skin, Hair and Nails"
"2784","Sleep Apnea","Brain and Nerves"
"2784","Sleep Apnea","Lungs and Breathing"
"408","Sleep Disorders","Brain and Nerves"
"5446","Small Intestine Disorders","Digestive System"
"1567","Smallpox","Infections"
"1567","Smallpox","Poisoning, Toxicology, Environmental Health"
"1531","Snoring","Lungs and Breathing"
"1531","Snoring","Ear, Nose and Throat"
"1531","Snoring","Mouth and Teeth"
"3666","Sodium","Food and Nutrition"
"495","Soft Tissue Sarcoma","Cancers"
"4748","Sore Throat","Ear, Nose and Throat"
"5959","Speech and Language Problems in Children","Children and Teenagers"
"5959","Speech and Language Problems in Children","Brain and Nerves"
"5249","Spider Bites","Injuries and Wounds"
"1319","Spina Bifida","Brain and Nerves"
"1319","Spina Bifida","Genetics/Birth Defects"
"410","Spinal Cord Diseases","Brain and Nerves"
"411","Spinal Cord Injuries","Brain and Nerves"
"411","Spinal Cord Injuries","Injuries and Wounds"
"1694","Spinal Muscular Atrophy","Brain and Nerves"
"1694","Spinal Muscular Atrophy","Genetics/Birth Defects"
"412","Spinal Stenosis","Bones, Joints and Muscles"
"1505","Spine Injuries and Disorders","Bones, Joints and Muscles"
"414","Spleen Diseases","Immune System"
"417","Sprains and Strains","Bones, Joints and Muscles"
"417","Sprains and Strains","Injuries and Wounds"
"4909","Statins","Drug Therapy"
"5682","Stillbirth","Women"
"5682","Stillbirth","Pregnancy and Reproduction"
"5682","Stillbirth","Female Reproductive System"
"419","Stomach Cancer","Cancers"
"419","Stomach Cancer","Digestive System"
"420","Stomach Disorders","Digestive System"
"421","Streptococcal Infections","Infections"
"421","Streptococcal Infections","Ear, Nose and Throat"
"422","Stress","Mental Health and Behavior"
"8","Stroke","Seniors"
"8","Stroke","Blood, Heart and Circulation"
"8","Stroke","Brain and Nerves"
"3629","Stuttering","Brain and Nerves"
"3629","Stuttering","Symptoms"
"424","Suicide","Mental Health and Behavior"
"424","Suicide","Social/Family Issues"
"1419","Sun Exposure","Skin, Hair and Nails"
"1309","Swallowing Disorders","Digestive System"
"3017","Syphilis","Infections"
"3017","Syphilis","Sexual Health Issues"
"3017","Syphilis","Female Reproductive System"
"3017","Syphilis","Male Reproductive System"
"1448","Tailbone Disorders","Bones, Joints and Muscles"
"3073","Talking With Your Doctor","Social/Family Issues"
"3073","Talking With Your Doctor","Health System"
"3073","Talking With Your Doctor","Personal Health Issues"
"2737","Tay-Sachs Disease","Brain and Nerves"
"2737","Tay-Sachs Disease","Genetics/Birth Defects"
"5410","Tears","Eyes and Vision"
"6931","Teen Depression","Children and Teenagers"
"6931","Teen Depression","Mental Health and Behavior"
"609","Teen Health","Children and Teenagers"
"609","Teen Health","Population Groups"
"3637","Teen Mental Health","Children and Teenagers"
"3637","Teen Mental Health","Mental Health and Behavior"
"1459","Teen Sexual Health","Children and Teenagers"
"1459","Teen Sexual Health","Sexual Health Issues"
"431","Teenage Pregnancy","Children and Teenagers"
"431","Teenage Pregnancy","Women"
"431","Teenage Pregnancy","Pregnancy and Reproduction"
"431","Teenage Pregnancy","Female Reproductive System"
"1235","Temporomandibular Joint Dysfunction","Mouth and Teeth"
"1618","Tendinitis","Bones, Joints and Muscles"
"434","Testicular Cancer","Cancers"
"434","Testicular Cancer","Endocrine System"
"434","Testicular Cancer","Men"
"434","Testicular Cancer","Male Reproductive System"
"4280","Testicular Disorders","Endocrine System"
"4280","Testicular Disorders","Men"
"4280","Testicular Disorders","Sexual Health Issues"
"4280","Testicular Disorders","Male Reproductive System"
"435","Tetanus","Infections"
"4239","Thalassemia","Blood, Heart and Circulation"
"5841","Throat Cancer","Cancers"
"5841","Throat Cancer","Ear, Nose and Throat"
"1660","Throat Disorders","Lungs and Breathing"
"1660","Throat Disorders","Ear, Nose and Throat"
"1245","Thymus Cancer","Cancers"
"1245","Thymus Cancer","Immune System"
"1245","Thymus Cancer","Endocrine System"
"438","Thyroid Cancer","Cancers"
"438","Thyroid Cancer","Ear, Nose and Throat"
"438","Thyroid Cancer","Endocrine System"
"439","Thyroid Diseases","Endocrine System"
"1645","Tick Bites","Infections"
"1645","Tick Bites","Skin, Hair and Nails"
"1645","Tick Bites","Injuries and Wounds"
"1228","Tinea Infections","Infections"
"1228","Tinea Infections","Skin, Hair and Nails"
"1236","Tinnitus","Ear, Nose and Throat"
"5424","Toddler Development","Children and Teenagers"
"1547","Toddler Health","Children and Teenagers"
"3648","Toe Injuries and Disorders","Bones, Joints and Muscles"
"3648","Toe Injuries and Disorders","Injuries and Wounds"
"6440","Tonsillitis","Children and Teenagers"
"6440","Tonsillitis","Ear, Nose and Throat"
"6440","Tonsillitis","Mouth and Teeth"
"6440","Tonsillitis","Immune System"
"5951","Tooth Decay","Mouth and Teeth"
"3069","Tooth Disorders","Mouth and Teeth"
"442","Tourette Syndrome","Brain and Nerves"
"442","Tourette Syndrome","Genetics/Birth Defects"
"1214","Toxoplasmosis","Infections"
"5448","Tracheal Disorders","Lungs and Breathing"
"1570","Transient Ischemic Attack","Blood, Heart and Circulation"
"1570","Transient Ischemic Attack","Brain and Nerves"
"271","Traumatic Brain Injury","Brain and Nerves"
"271","Traumatic Brain Injury","Injuries and Wounds"
"1315","Tremor","Seniors"
"1315","Tremor","Brain and Nerves"
"4325","Trichomoniasis","Infections"
"4325","Trichomoniasis","Sexual Health Issues"
"4325","Trichomoniasis","Female Reproductive System"
"4277","Triglycerides","Blood, Heart and Circulation"
"4277","Triglycerides","Food and Nutrition"
"41","Tuberculosis","Infections"
"41","Tuberculosis","Lungs and Breathing"
"5534","Tumors and Pregnancy","Cancers"
"5534","Tumors and Pregnancy","Pregnancy and Reproduction"
"1504","Turner Syndrome","Genetics/Birth Defects"
"1504","Turner Syndrome","Endocrine System"
"1520","Twins, Triplets, Multiple Births","Children and Teenagers"
"1520","Twins, Triplets, Multiple Births","Pregnancy and Reproduction"
"446","Ulcerative Colitis","Digestive System"
"5431","Uncommon Infant and Newborn Problems","Children and Teenagers"
"1313","Underage Drinking","Children and Teenagers"
"1313","Underage Drinking","Substance Abuse Problems"
"5350","Ureteral Disorders","Kidneys and Urinary System"
"5352","Urethral Disorders","Kidneys and Urinary System"
"6355","Urinalysis","Kidneys and Urinary System"
"114","Urinary Incontinence","Seniors"
"114","Urinary Incontinence","Kidneys and Urinary System"
"448","Urinary Tract Infections","Kidneys and Urinary System"
"448","Urinary Tract Infections","Infections"
"4889","Urine and Urination","Kidneys and Urinary System"
"449","Uterine Cancer","Cancers"
"449","Uterine Cancer","Women"
"449","Uterine Cancer","Female Reproductive System"
"477","Uterine Diseases","Women"
"477","Uterine Diseases","Female Reproductive System"
"1222","Uterine Fibroids","Women"
"1222","Uterine Fibroids","Female Reproductive System"
"4875","Vaginal Bleeding","Women"
"4875","Vaginal Bleeding","Symptoms"
"4875","Vaginal Bleeding","Female Reproductive System"
"494","Vaginal Cancer","Cancers"
"494","Vaginal Cancer","Women"
"494","Vaginal Cancer","Female Reproductive System"
"451","Vaginal Diseases","Women"
"451","Vaginal Diseases","Female Reproductive System"
"6417","Vaginitis","Women"
"6417","Vaginitis","Female Reproductive System"
"5634","Valley Fever","Infections"
"540","Varicose Veins","Blood, Heart and Circulation"
"533","Vascular Diseases","Blood, Heart and Circulation"
"1424","Vasculitis","Blood, Heart and Circulation"
"5821","Vasectomy","Pregnancy and Reproduction"
"5821","Vasectomy","Men"
"5821","Vasectomy","Male Reproductive System"
"454","Viral Infections","Infections"
"454","Viral Infections","Immune System"
"165","Vision Impairment and Blindness","Eyes and Vision"
"5383","Vitamin D","Food and Nutrition"
"1306","Vitiligo","Skin, Hair and Nails"
"1650","Voice Disorders","Mouth and Teeth"
"1701","Vulvar Cancer","Cancers"
"1701","Vulvar Cancer","Women"
"1701","Vulvar Cancer","Female Reproductive System"
"4550","Vulvar Disorders","Women"
"4550","Vulvar Disorders","Female Reproductive System"
"5673","Walking Problems","Bones, Joints and Muscles"
"5673","Walking Problems","Brain and Nerves"
"480","Weight Control","Food and Nutrition"
"1377","West Nile Virus","Infections"
"1377","West Nile Virus","Brain and Nerves"
"461","Whooping Cough","Children and Teenagers"
"461","Whooping Cough","Infections"
"461","Whooping Cough","Lungs and Breathing"
"3075","Wilms Tumor","Cancers"
"3075","Wilms Tumor","Kidneys and Urinary System"
"1691","Wilson Disease","Digestive System"
"1691","Wilson Disease","Brain and Nerves"
"1691","Wilson Disease","Genetics/Birth Defects"
"1691","Wilson Disease","Metabolic Problems"
"3858","Wounds and Injuries","Skin, Hair and Nails"
"3858","Wounds and Injuries","Injuries and Wounds"
"3858","Wounds and Injuries","Safety Issues"
"1657","Wrist Injuries and Disorders","Bones, Joints and Muscles"
"1657","Wrist Injuries and Disorders","Injuries and Wounds"
"1255","Yeast Infections","Infections"
"1255","Yeast Infections","Mouth and Teeth"
"1255","Yeast Infections","Female Reproductive System"
"6342","Zika Virus","Infections"
